{"accuracy": {"mean": 0.93978, "std_dev": 0.00647, "iqr": 0.00808, "cv": 0.00688, "95_confidence_interval": [0.9385, 0.94107]}, "recall": {"mean": 0.8781, "std_dev": 0.01308, "iqr": 0.01654, "cv": 0.0149, "95_confidence_interval": [0.87551, 0.8807]}, "precision": {"mean": 0.88805, "std_dev": 0.01142, "iqr": 0.01416, "cv": 0.01286, "95_confidence_interval": [0.88578, 0.89031]}, "f1": {"mean": 0.8797, "std_dev": 0.01272, "iqr": 0.01547, "cv": 0.01446, "95_confidence_interval": [0.87717, 0.88222]}}