{"accuracy": {"mean": 0.93729, "std_dev": 0.00987, "iqr": 0.01073, "cv": 0.01053, "95_confidence_interval": [0.93533, 0.93925]}, "recall": {"mean": 0.87287, "std_dev": 0.02009, "iqr": 0.02169, "cv": 0.02301, "95_confidence_interval": [0.86888, 0.87685]}, "precision": {"mean": 0.88412, "std_dev": 0.01616, "iqr": 0.01769, "cv": 0.01828, "95_confidence_interval": [0.88092, 0.88733]}, "f1": {"mean": 0.87464, "std_dev": 0.01948, "iqr": 0.02062, "cv": 0.02227, "95_confidence_interval": [0.87077, 0.8785]}}