{"accuracy": {"mean": 0.94566, "std_dev": 0.00744, "iqr": 0.01128, "cv": 0.00787, "95_confidence_interval": [0.94419, 0.94714]}, "recall": {"mean": 0.89005, "std_dev": 0.01501, "iqr": 0.02272, "cv": 0.01686, "95_confidence_interval": [0.88707, 0.89302]}, "precision": {"mean": 0.89702, "std_dev": 0.01322, "iqr": 0.01839, "cv": 0.01473, "95_confidence_interval": [0.8944, 0.89964]}, "f1": {"mean": 0.89109, "std_dev": 0.01475, "iqr": 0.02167, "cv": 0.01656, "95_confidence_interval": [0.88817, 0.89402]}}