{"accuracy": {"mean": 0.94361, "std_dev": 0.00668, "iqr": 0.00896, "cv": 0.00708, "95_confidence_interval": [0.94229, 0.94494]}, "recall": {"mean": 0.88592, "std_dev": 0.01347, "iqr": 0.01803, "cv": 0.0152, "95_confidence_interval": [0.88325, 0.88859]}, "precision": {"mean": 0.89326, "std_dev": 0.01178, "iqr": 0.01487, "cv": 0.01319, "95_confidence_interval": [0.89092, 0.8956]}, "f1": {"mean": 0.88675, "std_dev": 0.01327, "iqr": 0.01801, "cv": 0.01496, "95_confidence_interval": [0.88411, 0.88938]}}