{"accuracy": {"mean": 0.9395, "std_dev": 0.00937, "iqr": 0.01173, "cv": 0.00998, "95_confidence_interval": [0.93764, 0.94136]}, "recall": {"mean": 0.87746, "std_dev": 0.01897, "iqr": 0.02379, "cv": 0.02162, "95_confidence_interval": [0.8737, 0.88123]}, "precision": {"mean": 0.8871, "std_dev": 0.01706, "iqr": 0.02133, "cv": 0.01923, "95_confidence_interval": [0.88372, 0.89049]}, "f1": {"mean": 0.87892, "std_dev": 0.01856, "iqr": 0.02288, "cv": 0.02112, "95_confidence_interval": [0.87524, 0.8826]}}