{"accuracy": {"mean": 0.94461, "std_dev": 0.00786, "iqr": 0.00985, "cv": 0.00833, "95_confidence_interval": [0.94305, 0.94617]}, "recall": {"mean": 0.88772, "std_dev": 0.01592, "iqr": 0.02019, "cv": 0.01793, "95_confidence_interval": [0.88457, 0.89088]}, "precision": {"mean": 0.89779, "std_dev": 0.01327, "iqr": 0.01557, "cv": 0.01478, "95_confidence_interval": [0.89515, 0.90042]}, "f1": {"mean": 0.88915, "std_dev": 0.01547, "iqr": 0.01928, "cv": 0.0174, "95_confidence_interval": [0.88608, 0.89222]}}